"ID","BulletinID","KBID","IsInstalled","Severity","SeverityText","Title","InformationURL","CVEIDs","Categories"
"MS16-142","MS16-142","3197867","False","4","Critical","November; 2016 Security Only Quality Update for Windows 7 for x64-based Systems (KB3197867)","http://support.microsoft.com/kb/3197867","","Security Updates Windows 7"
"MS16-120","MS16-120","3192391","False","4","Critical","October; 2016 Security Only Quality Update for Windows 7 for x64-based Systems (KB3192391)","http://support.microsoft.com/kb/3192391","","Security Updates Windows 7"
"MS17-008","MS17-008","4012212","False","4","Critical","March; 2017 Security Only Quality Update for Windows 7 for x64-based Systems (KB4012212)","http://support.microsoft.com/kb/4012212","","Security Updates Windows 7"
"MS16-144","MS16-144","3205394","False","4","Critical","December; 2016 Security Only Quality Update for Windows 7 for x64-based Systems (KB3205394)","http://support.microsoft.com/kb/3205394","","Security Updates Windows 7"
"MS16-077","MS16-077","3161949","False","3","Important","Security Update for Windows 7 for x64-based Systems (KB3161949)","http://support.microsoft.com/kb/3161949","","Security Updates Windows 7"
"MS16-059","MS16-059","3150220","False","3","Important","Security Update for Windows 7 for x64-based Systems (KB3150220)","http://support.microsoft.com/kb/3150220","","Security Updates Windows 7"
"MS16-055","MS16-055","3156016","False","4","Critical","Security Update for Windows 7 for x64-based Systems (KB3156016)","http://support.microsoft.com/kb/3156016","","Security Updates Windows 7"
"MS16-072","MS16-072","3159398","False","3","Important","Security Update for Windows 7 for x64-based Systems (KB3159398)","http://support.microsoft.com/kb/3159398","","Security Updates Windows 7"
"MS16-056","MS16-056","3155178","False","4","Critical","Security Update for Windows 7 for x64-based Systems (KB3155178)","http://support.microsoft.com/kb/3155178","","Security Updates Windows 7"
"4015546","","4015546","False","4","Critical","April; 2017 Security Only Quality Update for Windows 7 for x64-based Systems (KB4015546)","http://support.microsoft.com/kb/4015546","","Security Updates Windows 7"
"4041083","","4041083","False","3","Important","2017-09 Security and Quality Rollup for .NET Framework 3.5.1; 4.5.2; 4.6; 4.6.1; 4.6.2; 4.7 on Windows 7 and Server 2008 R2 for x64 (KB4041083)","http://support.microsoft.com/kb/4041083","","Security Updates Windows 7"
"4034679","","4034679","False","4","Critical","2017-08 Security Only Quality Update for Windows 7 for x64-based Systems (KB4034679)","http://support.microsoft.com/help/4034679","","Security Updates Windows 7"
"4038779","","4038779","False","4","Critical","2017-09 Security Only Quality Update for Windows 7 for x64-based Systems (KB4038779)","http://support.microsoft.com/help/4038779","","Security Updates Windows 7"
"4041090","","4041090","False","3","Important","2017-09 Security Only Update for .NET Framework 3.5.1; 4.5.2; 4.6; 4.6.1; 4.6.2; 4.7 on Windows 7 and Server 2008 R2 for x64 (KB4041090)","http://support.microsoft.com/kb/4041090","","Security Updates Windows 7"
"4025337","","4025337","False","4","Critical","2017-07 Security Only Quality Update for Windows 7 for x64-based Systems (KB4025337)","http://support.microsoft.com/help/4025337","","Security Updates Windows 7"
"4019263","","4019263","False","4","Critical","2017-05 Security Only Quality Update for Windows 7 for x64-based Systems (KB4019263)","http://support.microsoft.com/help/4019263","","Security Updates Windows 7"
"4014985","","4014985","False","4","Critical","April; 2017 Security Only Update for .NET Framework 3.5.1; 4.5.2; 4.6; 4.6.1; 4.6.2 on Windows 7 and Windows Server 2008 R2 for x64 (KB4014985)","http://support.microsoft.com/kb/4014985","","Security Updates Windows 7"
"4022722","","4022722","False","4","Critical","2017-06 Security Only Quality Update for Windows 7 for x64-based Systems (KB4022722)","http://support.microsoft.com/help/4022722","","Security Updates Windows 7"
"4019108","","4019108","False","3","Important","May; 2017 Security Only Update for .NET Framework 3.5.1; 4.5.2; 4.6; 4.6.1; 4.6.2 on Windows 7 and Windows Server 2008 R2 for x64 (KB4019108)","http://support.microsoft.com/kb/4019108","","Security Updates Windows 7"
"MS15-133","MS15-133","3109103","False","3","Important","Security Update for Windows 7 for x64-based Systems (KB3109103)","http://support.microsoft.com/kb/3109103","","Security Updates Windows 7"
"MS15-118","MS15-118","3097989","False","3","Important","Security Update for Microsoft .NET Framework 3.5.1 on Windows 7 and Windows Server 2008 R2 SP1 for x64-based Systems (KB3097989)","http://support.microsoft.com/kb/3097989","","Security Updates Windows 7"
"MS16-007","MS16-007","3108664","False","3","Important","Security Update for Windows 7 for x64-based Systems (KB3108664)","http://support.microsoft.com/kb/3108664","","Security Updates Windows 7"
"MS15-132","MS15-132","3108371","False","3","Important","Security Update for Windows 7 for x64-based Systems (KB3108371)","http://support.microsoft.com/kb/3108371","","Security Updates Windows 7"
"MS15-119","MS15-119","3092601","False","3","Important","Security Update for Windows 7 for x64-based Systems (KB3092601)","http://support.microsoft.com/kb/3092601","","Security Updates Windows 7"
"MS15-080","MS15-080","3072305","False","4","Critical","Security Update for Microsoft .NET Framework 3.5.1 on Windows 7 SP1 and Windows Server 2008 R2 SP1 for x64 (KB3072305)","http://support.microsoft.com/kb/3072305","","Security Updates Windows 7"
"MS15-097","MS15-097","3086255","False","0",,"Security Update for Windows 7 for x64-based Systems (KB3086255)","http://support.microsoft.com/kb/3086255","","Security Updates Windows 7"
"MS15-117","MS15-117","3101722","False","3","Important","Security Update for Windows 7 for x64-based Systems (KB3101722)","http://support.microsoft.com/kb/3101722","","Security Updates Windows 7"
"MS15-109","MS15-109","3093513","False","4","Critical","Security Update for Windows 7 for x64-based Systems (KB3093513)","http://support.microsoft.com/kb/3093513","","Security Updates Windows 7"
"MS16-007","MS16-007","3109560","False","3","Important","Security Update for Windows 7 for x64-based Systems (KB3109560)","http://support.microsoft.com/kb/3109560","","Security Updates Windows 7"
"MS16-027","MS16-027","3138910","False","4","Critical","Security Update for Windows 7 for x64-based Systems (KB3138910)","http://support.microsoft.com/kb/3138910","","Security Updates Windows 7"
"MS16-019","MS16-019","3127220","False","3","Important","Security Update for Microsoft .NET Framework 3.5.1 on Windows 7 and Windows Server 2008 R2 SP1 for x64 (KB3127220)","http://support.microsoft.com/kb/3127220","","Security Updates Windows 7"
"MS16-032","MS16-032","3139914","False","3","Important","Security Update for Windows 7 for x64-based Systems (KB3139914)","http://support.microsoft.com/kb/3139914","","Security Updates Windows 7"
"MS16-033","MS16-033","3139398","False","3","Important","Security Update for Windows 7 for x64-based Systems (KB3139398)","http://support.microsoft.com/kb/3139398","","Security Updates Windows 7"
"MS16-014","MS16-014","3126587","False","3","Important","Security Update for Windows 7 for x64-based Systems (KB3126587)","http://support.microsoft.com/kb/3126587","","Security Updates Windows 7"
"MS16-001","MS16-001","3124275","False","4","Critical","Cumulative Security Update for Internet Explorer 8 for Windows 7 for x64-based Systems (KB3124275)","http://support.microsoft.com/kb/3124275","","Security Updates Windows 7"
"MS16-007","MS16-007","3110329","False","3","Important","Security Update for Windows 7 for x64-based Systems (KB3110329)","http://support.microsoft.com/kb/3110329","","Security Updates Windows 7"
"MS16-013","MS16-013","3115858","False","4","Critical","Security Update for Windows 7 for x64-based Systems (KB3115858)","http://support.microsoft.com/kb/3115858","","Security Updates Windows 7"
"MS16-019","MS16-019","3122648","False","3","Important","Security Update for Microsoft .NET Framework 3.5.1 on Windows 7 and Windows Server 2008 R2 SP1 for x64 (KB3122648)","http://support.microsoft.com/kb/3122648","","Security Updates Windows 7"
"4041678","","4041678","False","4","Critical","2017-10 Security Only Quality Update for Windows 7 for x64-based Systems (KB4041678)","http://support.microsoft.com/help/4041678","","Security Updates Windows 7"
"4498961","","4498961","False","3","Important","2019-05 Security Only Update for .NET Framework 3.5.1; 4.5.2; 4.6; 4.6.1; 4.6.2; 4.7; 4.7.1; 4.7.2; 4.8 for Windows 7 and Server 2008 R2 for x64 (KB4498961)","http://support.microsoft.com/kb/4498961","","Security Updates Windows 7"
"4493448","","4493448","False","4","Critical","2019-04 Security Only Quality Update for Windows 7 for x64-based Systems (KB4493448)","http://support.microsoft.com/help/4493448","","Security Updates Windows 7"
"4499175","","4499175","False","4","Critical","2019-05 Security Only Quality Update for Windows 7 for x64-based Systems (KB4499175)","http://support.microsoft.com/help/4499175","","Security Updates Windows 7"
"4501226","","4501226","False","0",,"2019-05 Update for Windows 7 for x64-based Systems (KB4501226)","http://support.microsoft.com/help/4501226","","Update Rollups Windows 7"
"4490128","","4490128","False","0",,"2019-03 Update for Windows 7 for x64-based Systems (KB4490128)","http://support.microsoft.com/help/4490128","","Update Rollups Windows 7"
"4489885","","4489885","False","4","Critical","2019-03 Security Only Quality Update for Windows 7 for x64-based Systems (KB4489885)","http://support.microsoft.com/help/4489885","","Security Updates Windows 7"
"4486459","","4486459","False","0",,"2019-02 Update for Windows 7 for x64-based Systems (KB4486459)","http://support.microsoft.com/help/4486459","","Update Rollups Windows 7"
"4490628","","4490628","False","4","Critical","2019-03 Servicing Stack Update for Windows 7 for x64-based Systems (KB4490628)","http://support.microsoft.com/help/4490628","","Security Updates Windows 7"
"4474419","","4474419","False","4","Critical","2019-03 Security Update for Windows 7 for x64-based Systems (KB4474419)","http://support.microsoft.com/help/4474419","","Security Updates Windows 7"
"4503269","","4503269","False","4","Critical","2019-06 Security Only Quality Update for Windows 7 for x64-based Systems (KB4503269)","http://support.microsoft.com/help/4503269","","Security Updates Windows 7"
"4519108","","4519108","False","0",,"2019-10 Update for Windows 7 for x64-based Systems (KB4519108)","https://support.microsoft.com/help/4519108","","Update Rollups Windows 7"
"4524157","","4524157","False","4","Critical","2019-10 Security Monthly Quality Rollup for Windows 7 for x64-based Systems (KB4524157)","https://support.microsoft.com/help/4524157","","Security Updates Windows 7"
"4531786","","4531786","False","4","Critical","2019-12 Servicing Stack Update for Windows 7 for x64-based Systems (KB4531786)","https://support.microsoft.com/help/4531786","","Security Updates Windows 7"
"890830","","890830","False","0",,"Windows Malicious Software Removal Tool x64 - December 2019 (KB890830)","http://support.microsoft.com/kb/890830","","Update Rollups Windows 7"
"4474419","","4474419","False","4","Critical","2019-09 Security Update for Windows 7 for x64-based Systems (KB4474419)","https://support.microsoft.com/help/4474419","","Security Updates Windows 7"
"4507411","","4507411","False","4","Critical","2019-07 Security Only Update for .NET Framework 3.5.1; 4.5.2; 4.6; 4.6.1; 4.6.2; 4.7; 4.7.1; 4.7.2; 4.8 for Windows 7 and Server 2008 R2 for x64 (KB4507411)","http://support.microsoft.com/kb/4507411","","Security Updates Windows 7"
"4507456","","4507456","False","4","Critical","2019-07 Security Only Quality Update for Windows 7 for x64-based Systems (KB4507456)","http://support.microsoft.com/help/4507456","","Security Updates Windows 7"
"4514602","","4514602","False","3","Important","2019-09 Security and Quality Rollup for .NET Framework 3.5.1; 4.5.2; 4.6; 4.6.1; 4.6.2; 4.7; 4.7.1; 4.7.2; 4.8 for Windows 7 and Server 2008 R2 for x64 (KB4514602)","http://support.microsoft.com/kb/4514602","","Security Updates Windows 7"
"4507704","","4507704","False","0",,"2019-07 Update for Windows 7 for x64-based Systems (KB4507704)","https://support.microsoft.com/help/4507704","","Update Rollups Windows 7"
"4284867","","4284867","False","4","Critical","2018-06 Security Only Quality Update for Windows 7 for x64-based Systems (KB4284867)","http://support.microsoft.com/help/4284867","","Security Updates Windows 7"
"4099637","","4099637","False","3","Important","2018-05 Security Only Update for .NET Framework 3.5.1; 4.5.2; 4.6; 4.6.1; 4.6.2; 4.7; 4.7.1 on Windows 7 and Server 2008 R2 for x64 (KB4099637)","http://support.microsoft.com/kb/4099637","","Security Updates Windows 7"
"4340004","","4340004","False","3","Important","2018-07 Security Only Update for .NET Framework 3.5.1; 4.5.2; 4.6; 4.6.1; 4.6.2; 4.7; 4.7.1; 4.7.2 for Windows 7 and Server 2008 R2 for x64 (KB4340004)","http://support.microsoft.com/kb/4340004","","Security Updates Windows 7"
"4338823","","4338823","False","3","Important","2018-07 Security Only Quality Update for Windows 7 for x64-based Systems (KB4338823)","http://support.microsoft.com/help/4338823","","Security Updates Windows 7"
"4103712","","4103712","False","4","Critical","2018-05 Security Only Quality Update for Windows 7 for x64-based Systems (KB4103712)","http://support.microsoft.com/help/4103712","","Security Updates Windows 7"
"4054518","","4054518","False","4","Critical","2017-12 Security Monthly Quality Rollup for Windows 7 for x64-based Systems (KB4054518)","http://support.microsoft.com/help/4054518","","Security Updates Windows 7"
"4048960","","4048960","False","3","Important","2017-11 Security Only Quality Update for Windows 7 for x64-based Systems (KB4048960)","http://support.microsoft.com/help/4048960","","Security Updates Windows 7"
"4093108","","4093108","False","4","Critical","2018-04 Security Only Quality Update for Windows 7 for x64-based Systems (KB4093108)","http://support.microsoft.com/help/4093108","","Security Updates Windows 7"
"4054521","","4054521","False","3","Important","2017-12 Security Only Quality Update for Windows 7 for x64-based Systems (KB4054521)","http://support.microsoft.com/help/4054521","","Security Updates Windows 7"
"4343899","","4343899","False","4","Critical","2018-08 Security Only Quality Update for Windows 7 for x64-based Systems (KB4343899)","http://support.microsoft.com/help/4343899","","Security Updates Windows 7"
"4480960","","4480960","False","3","Important","2019-01 Security Only Quality Update for Windows 7 for x64-based Systems (KB4480960)","http://support.microsoft.com/help/4480960","","Security Updates Windows 7"
"4471981","","4471981","False","3","Important","2018-12 Security Only Update for .NET Framework 3.5.1; 4.5.2; 4.6; 4.6.1; 4.6.2; 4.7; 4.7.1; 4.7.2 for Windows 7 and Server 2008 R2 for x64 (KB4471981)","http://support.microsoft.com/kb/4471981","","Security Updates Windows 7"
"4486564","","4486564","False","4","Critical","2019-02 Security Only Quality Update for Windows 7 for x64-based Systems (KB4486564)","http://support.microsoft.com/help/4486564","","Security Updates Windows 7"
"4487121","","4487121","False","3","Important","2019-02 Security Only Update for .NET Framework 3.5.1; 4.5.2; 4.6; 4.6.1; 4.6.2; 4.7; 4.7.1; 4.7.2 for Windows 7 and Server 2008 R2 for x64 (KB4487121)","http://support.microsoft.com/kb/4487121","","Security Updates Windows 7"
"4471328","","4471328","False","3","Important","2018-12 Security Only Quality Update for Windows 7 for x64-based Systems (KB4471328)","http://support.microsoft.com/help/4471328","","Security Updates Windows 7"
"4457145","","4457145","False","4","Critical","2018-09 Security Only Quality Update for Windows 7 for x64-based Systems (KB4457145)","http://support.microsoft.com/help/4457145","","Security Updates Windows 7"
"4345679","","4345679","False","3","Important","2018-08 Security Only Update for .NET Framework 3.5.1; 4.5.2; 4.6; 4.6.1; 4.6.2; 4.7; 4.7.1; 4.7.2 for Windows 7 and Server 2008 R2 for x64 (KB4345679)","http://support.microsoft.com/kb/4345679","","Security Updates Windows 7"
"4467106","","4467106","False","4","Critical","2018-11 Security Only Quality Update for Windows 7 for x64-based Systems (KB4467106)","http://support.microsoft.com/help/4467106","","Security Updates Windows 7"
"4462915","","4462915","False","4","Critical","2018-10 Security Only Quality Update for Windows 7 for x64-based Systems (KB4462915)","http://support.microsoft.com/help/4462915","","Security Updates Windows 7"
"MS15-101","MS15-101","3074543","False","3","Important","Security Update for Microsoft .NET Framework 3.5.1 on Windows 7 and Windows Server 2008 R2 SP1 for x64-based Systems (KB3074543)","http://support.microsoft.com/kb/3074543","","Security Updates Windows 7"
"MS12-054","MS12-054","2705219","False","0",,"Security Update for Windows 7 for x64-based Systems (KB2705219)","http://go.microsoft.com/fwlink/?LinkId=257914","","Security Updates Windows 7"
"MS14-043","MS14-043","2978742","False","4","Critical","Security Update for Windows 7 for x64-based Systems (KB2978742)","http://support.microsoft.com/kb/2978742","","Security Updates Windows 7"
"MS11-015","MS11-015","2479943","False","0",,"Security Update for Windows 7 for x64-based Systems (KB2479943)","http://go.microsoft.com/fwlink/?LinkId=207841","","Security Updates Windows 7"
"MS12-004","MS12-004","2631813","False","0",,"Security Update for Windows 7 for x64-based Systems (KB2631813)","http://go.microsoft.com/fwlink/?LinkId=227487","","Security Updates Windows 7"
"MS14-046","MS14-046","2943357","False","3","Important","Security Update for Microsoft .NET Framework 3.5.1 on Windows 7 and Windows Server 2008 R2 SP1 for x64-based Systems (KB2943357)","http://support.microsoft.com/kb/2943357","","Security Updates Windows 7"
"MS14-026","MS14-026","2931356","False","3","Important","Security Update for Microsoft .NET Framework 3.5.1 on Windows 7 and Windows Server 2008 R2 SP1 for x64-based Systems (KB2931356)","http://support.microsoft.com/kb/2931356","","Security Updates Windows 7"
"2841134","","2841134","False","0",,"Internet Explorer 11 for Windows 7 for x64-based Systems","http://go.microsoft.com/fwlink/?LinkID=329031","","Update Rollups Windows 7"
"MS14-046","MS14-046","2937610","False","3","Important","Security Update for Microsoft .NET Framework 3.5.1 on Windows 7 and Windows Server 2008 R2 SP1 for x64-based Systems (KB2937610)","http://support.microsoft.com/kb/2937610","","Security Updates Windows 7"
"MS14-039","MS14-039","2973201","False","3","Important","Security Update for Windows 7 for x64-based Systems (KB2973201)","http://support.microsoft.com/kb/2973201","","Security Updates Windows 7"
"MS12-081","MS12-081","2758857","False","0",,"Security Update for Windows 7 for x64-based Systems (KB2758857)","http://go.microsoft.com/fwlink/?LinkId=266541","","Security Updates Windows 7"
"MS12-045","MS12-045","2698365","False","0",,"Security Update for Windows 7 for x64-based Systems (KB2698365)","http://go.microsoft.com/fwlink/?LinkId=254441","","Security Updates Windows 7"
"MS11-024","MS11-024","2506212","False","0",,"Security Update for Windows 7 for x64-based Systems (KB2506212)","http://go.microsoft.com/fwlink/?LinkId=212226","","Security Updates Windows 7"
"MS12-020","MS12-020","2621440","False","0",,"Security Update for Windows 7 for x64-based Systems (KB2621440)","http://go.microsoft.com/fwlink/?LinkId=232664","","Security Updates Windows 7"
"MS11-076","MS11-076","2579686","False","0",,"Security Update for Windows 7 for x64-based Systems (KB2579686)","http://go.microsoft.com/fwlink/?LinkId=227073","","Security Updates Windows 7"
"MS12-036","MS12-036","2685939","False","0",,"Security Update for Windows 7 for x64-based Systems (KB2685939)","http://go.microsoft.com/fwlink/?LinkId=246927","","Security Updates Windows 7"
"MS11-024","MS11-024","2491683","False","0",,"Security Update for Windows 7 for x64-based Systems (KB2491683)","http://go.microsoft.com/fwlink/?LinkId=212226","","Security Updates Windows 7"
"MS12-024","MS12-024","2653956","False","0",,"Security Update for Windows 7 for x64-based Systems (KB2653956)","http://go.microsoft.com/fwlink/?LinkId=238623","","Security Updates Windows 7"
"MS12-020","MS12-020","2667402","False","0",,"Security Update for Windows 7 for x64-based Systems (KB2667402)","http://go.microsoft.com/fwlink/?LinkId=232664","","Security Updates Windows 7"
"MS12-082","MS12-082","2770660","False","0",,"Security Update for Windows 7 for x64-based Systems (KB2770660)","http://go.microsoft.com/fwlink/?LinkId=271751","","Security Updates Windows 7"
"MS00-000","MS00-000","2813430","False","2","Moderate","Security Update for Windows 7 for x64-based Systems (KB2813430)","http://go.microsoft.com/fwlink/?LinkID=302334","","Security Updates Windows 7"
"MS13-015","MS13-015","2789645","False","3","Important","Security Update for Microsoft .NET Framework 3.5.1 on Windows 7 and Windows Server 2008 R2 SP1 for x64-based Systems (KB2789645)","http://go.microsoft.com/fwlink/?LinkID=273908","","Security Updates Windows 7"
"MS13-052","MS13-052","2840631","False","3","Important","Security Update for Microsoft .NET Framework 3.5.1 on Windows 7 and Windows Server 2008 R2 SP1 for x64-based Systems (KB2840631)","http://go.microsoft.com/fwlink/?LinkId=304153","","Security Updates Windows 7"
"MS13-058","MS13-058","2847927","False","3","Important","Security Update for Windows 7 for x64-based Systems (KB2847927)","http://go.microsoft.com/fwlink/?LinkId=308992","","Security Updates Windows 7"
"MS13-007","MS13-007","2736422","False","3","Important","Security Update for Microsoft .NET Framework 3.5.1 on Windows 7 and Windows Server 2008 R2 SP1 for x64-based Systems (KB2736422)","http://go.microsoft.com/fwlink/?LinkId=262698","","Security Updates Windows 7"
"MS12-035","MS12-035","2604115","False","4","Critical","Security Update for Microsoft .NET Framework 3.5.1 on Windows 7 and Windows Server 2008 R2 SP1 for x64-based Systems (KB2604115)","http://go.microsoft.com/fwlink/?LinkID=226971","","Security Updates Windows 7"
"MS11-100","MS11-100","2656356","False","4","Critical","Security Update for Microsoft .NET Framework 3.5.1 on Windows 7 and Windows Server 2008 R2 SP1 for x64-based Systems (KB2656356)","http://go.microsoft.com/fwlink/?LinkID=237378","","Security Updates Windows 7"
"MS13-004","MS13-004","2742599","False","3","Important","Security Update for Microsoft .NET Framework 3.5.1 on Windows 7 and Windows Server 2008 R2 SP1 for x64-based Systems (KB2742599)","http://go.microsoft.com/fwlink/?LinkID=261909","","Security Updates Windows 7"
"MS12-074","MS12-074","2729452","False","4","Critical","Security Update for Microsoft .NET Framework 3.5.1 on Windows 7 and Windows Server 2008 R2 SP1 for x64-based Systems (KB2729452)","http://go.microsoft.com/fwlink/?LinkID=248034","","Security Updates Windows 7"
"MS13-081","MS13-081","2868038","False","3","Important","Security Update for Windows 7 for x64-based Systems (KB2868038)","http://support.microsoft.com/kb/2868038","","Security Updates Windows 7"
"MS13-081","MS13-081","2862330","False","3","Important","Security Update for Windows 7 for x64-based Systems (KB2862330)","http://support.microsoft.com/kb/2862330","","Security Updates Windows 7"
"MS13-098","MS13-098","2893294","False","4","Critical","Security Update for Windows 7 for x64-based Systems (KB2893294)","http://support.microsoft.com/kb/2893294","","Security Updates Windows 7"
"2871997","","2871997","False","0",,"Security Update for Windows 7 for x64-based Systems (KB2871997)","http://support.microsoft.com/kb/2871997","","Security Updates Windows 7"
"MS14-009","MS14-009","2911501","False","3","Important","Security Update for Microsoft .NET Framework 3.5.1 on Windows 7 and Windows Server 2008 R2 SP1 for x64-based Systems (KB2911501)","http://support.microsoft.com/kb/2911501","","Security Updates Windows 7"
"MS13-090","MS13-090","2900986","False","4","Critical","Cumulative Security Update for ActiveX Killbits for Windows 7 for x64-based Systems (KB2900986)","http://support.microsoft.com/kb/2900986","","Security Updates Windows 7"
"MS13-082","MS13-082","2861698","False","3","Important","Security Update for Microsoft .NET Framework 3.5.1 on Windows 7 and Windows Server 2008 R2 SP1 for x64-based Systems (KB2861698)","http://support.microsoft.com/kb/2861698","","Security Updates Windows 7"
"MS13-081","MS13-081","2864202","False","3","Important","Security Update for Windows 7 for x64-based Systems (KB2864202)","http://support.microsoft.com/kb/2864202","","Security Updates Windows 7"
"MS13-081","MS13-081","2884256","False","3","Important","Security Update for Windows 7 for x64-based Systems (KB2884256)","http://support.microsoft.com/kb/2884256","","Security Updates Windows 7"
"MS13-081","MS13-081","2862335","False","3","Important","Security Update for Windows 7 for x64-based Systems (KB2862335)","http://support.microsoft.com/kb/2862335","","Security Updates Windows 7"
"MS11-053","MS11-053","2532531","False","0",,"Security Update for Windows 7 for x64-based Systems (KB2532531)","http://go.microsoft.com/fwlink/?LinkId=217102","","Security Updates Windows 7"
"MS15-029","MS15-029","3035126","False","3","Important","Security Update for Windows 7 for x64-based Systems (KB3035126)","http://support.microsoft.com/kb/3035126","","Security Updates Windows 7"
"MS15-028","MS15-028","3030377","False","3","Important","Security Update for Windows 7 for x64-based Systems (KB3030377)","http://support.microsoft.com/kb/3030377","","Security Updates Windows 7"
"MS15-038","MS15-038","3045685","False","3","Important","Security Update for Windows 7 for x64-based Systems (KB3045685)","http://support.microsoft.com/kb/3045685","","Security Updates Windows 7"
"MS15-037","MS15-037","3046269","False","3","Important","Security Update for Windows 7 for x64-based Systems (KB3046269)","http://support.microsoft.com/kb/3046269","","Security Updates Windows 7"
"MS15-011","MS15-011","3000483","False","4","Critical","Security Update for Windows 7 for x64-based Systems (KB3000483)","http://support.microsoft.com/kb/3000483","","Security Updates Windows 7"
"MS15-004","MS15-004","3019978","False","3","Important","Security Update for Windows 7 for x64-based Systems (KB3019978)","http://support.microsoft.com/kb/3019978","","Security Updates Windows 7"
"MS14-068","MS14-068","3011780","False","0",,"Security Update for Windows 7 for x64-based Systems (KB3011780)","http://support.microsoft.com/kb/3011780","","Security Updates Windows 7"
"3004375","","3004375","False","0",,"Security Update for Windows 7 for x64-based Systems (KB3004375)","http://support.microsoft.com/kb/3004375","","Security Updates Windows 7"
"MS15-003","MS15-003","3021674","False","3","Important","Security Update for Windows 7 for x64-based Systems (KB3021674)","http://support.microsoft.com/kb/3021674","","Security Updates Windows 7"
"MS15-041","MS15-041","3037574","False","3","Important","Security Update for Microsoft .NET Framework 3.5.1 on Windows 7 and Windows Server 2008 R2 SP1 for x64-based Systems (KB3037574)","http://support.microsoft.com/kb/3037574","","Security Updates Windows 7"
"MS15-090","MS15-090","3060716","False","3","Important","Security Update for Windows 7 for x64-based Systems (KB3060716)","http://support.microsoft.com/kb/3060716","","Security Updates Windows 7"
"MS15-088","MS15-088","3046017","False","3","Important","Security Update for Windows 7 for x64-based Systems (KB3046017)","http://support.microsoft.com/kb/3046017","","Security Updates Windows 7"
"MS15-082","MS15-082","3075220","False","3","Important","Security Update for Windows 7 for x64-based Systems (KB3075220)","http://support.microsoft.com/kb/3075220","","Security Updates Windows 7"
"MS15-085","MS15-085","3071756","False","3","Important","Security Update for Windows 7 for x64-based Systems (KB3071756)","http://support.microsoft.com/kb/3071756","","Security Updates Windows 7"
"MS15-069","MS15-069","3067903","False","3","Important","Security Update for Windows 7 for x64-based Systems (KB3067903)","http://support.microsoft.com/kb/3067903","","Security Updates Windows 7"
"MS15-048","MS15-048","3023215","False","3","Important","Security Update for Microsoft .NET Framework 3.5.1 on Windows 7 and Windows Server 2008 R2 SP1 for x64-based Systems (KB3023215)","http://support.microsoft.com/kb/3023215","","Security Updates Windows 7"
"MS15-050","MS15-050","3055642","False","3","Important","Security Update for Windows 7 for x64-based Systems (KB3055642)","http://support.microsoft.com/kb/3055642","","Security Updates Windows 7"
"MS15-060","MS15-060","3059317","False","3","Important","Security Update for Windows 7 for x64-based Systems (KB3059317)","http://support.microsoft.com/kb/3059317","","Security Updates Windows 7"
"MS15-015","MS15-015","3031432","False","3","Important","Security Update for Windows 7 for x64-based Systems (KB3031432)","http://support.microsoft.com/kb/3031432","","Security Updates Windows 7"
"MS12-072","MS12-072","2727528","False","0",,"Security Update for Windows 7 for x64-based Systems (KB2727528)","http://go.microsoft.com/fwlink/?LinkId=260820","","Security Updates Windows 7"
"MS13-027","MS13-027","2807986","False","0",,"Security Update for Windows 7 for x64-based Systems (KB2807986)","http://go.microsoft.com/fwlink/?LinkId=282639","","Security Updates Windows 7"
"MS12-013","MS12-013","2654428","False","0",,"Security Update for Windows 7 for x64-based Systems (KB2654428)","http://go.microsoft.com/fwlink/?LinkId=238617","","Security Updates Windows 7"
"MS12-056","MS12-056","2706045","False","0",,"Security Update for Windows 7 for x64-based Systems (KB2706045)","http://go.microsoft.com/fwlink/?LinkId=256487","","Security Updates Windows 7"
"MS11-085","MS11-085","2620704","False","0",,"Security Update for Windows 7 for x64-based Systems (KB2620704)","http://go.microsoft.com/fwlink/?LinkId=229638","","Security Updates Windows 7"
"MS11-059","MS11-059","2560656","False","0",,"Security Update for Windows 7 for x64-based Systems (KB2560656)","http://go.microsoft.com/fwlink/?LinkId=221539","","Security Updates Windows 7"
"MS12-006","MS12-006","2585542","False","0",,"Security Update for Windows 7 for x64-based Systems (KB2585542)","http://go.microsoft.com/fwlink/?LinkID=232510","","Security Updates Windows 7"
"MS12-033","MS12-033","2690533","False","0",,"Security Update for Windows 7 for x64-based Systems (KB2690533)","http://go.microsoft.com/fwlink/?LinkId=247902","","Security Updates Windows 7"
"MS11-075","MS11-075","2564958","False","0",,"Security Update for Windows 7 for x64-based Systems (KB2564958)","http://go.microsoft.com/fwlink/?LinkId=221538","","Security Updates Windows 7"
"MS14-053","MS14-053","2972211","False","3","Important","Security Update for Microsoft .NET Framework 3.5.1 on Windows 7 and Windows Server 2008 R2 SP1 for x64-based Systems (KB2972211)","http://support.microsoft.com/kb/2972211","","Security Updates Windows 7"
"MS14-066","MS14-066","2992611","False","4","Critical","Security Update for Windows 7 for x64-based Systems (KB2992611)","http://support.microsoft.com/kb/2992611","","Security Updates Windows 7"
"2984972","","2984972","False","0",,"Security Update for Windows 7 for x64-based Systems (KB2984972)","http://support.microsoft.com/kb/2984972","","Security Updates Windows 7"
"MS14-064","MS14-064","3010788","False","3","Important","Security Update for Windows 7 for x64-based Systems (KB3010788)","http://support.microsoft.com/kb/3010788","","Security Updates Windows 7"
"MS14-078","MS14-078","2991963","False","2","Moderate","Security Update for Windows 7 for x64-based Systems (KB2991963)","http://support.microsoft.com/kb/2991963","","Security Updates Windows 7"
"2977292","","2977292","False","0",,"Security Update for Windows 7 for x64-based Systems (KB2977292)","http://support.microsoft.com/kb/2977292","","Security Updates Windows 7"
"2894844","","2894844","False","0",,"Security Update for Microsoft .NET Framework 3.5.1 on Windows 7 and Windows Server 2008 R2 SP1 for x64-based Systems (KB2894844)","http://support.microsoft.com/kb/2894844","","Security Updates Windows 7"
"MS14-053","MS14-053","2973112","False","3","Important","Security Update for Microsoft .NET Framework 3.5.1 on Windows 7 and Windows Server 2008 R2 SP1 for x64-based Systems (KB2973112)","http://support.microsoft.com/kb/2973112","","Security Updates Windows 7"
"MS14-057","MS14-057","2972100","False","4","Critical","Security Update for Microsoft .NET Framework 3.5.1 on Windows 7 and Windows Server 2008 R2 SP1 for x64-based Systems (KB2972100)","http://support.microsoft.com/kb/2972100","","Security Updates Windows 7"
"MS14-057","MS14-057","2968294","False","3","Important","Security Update for Microsoft .NET Framework 3.5.1 on Windows 7 and Windows Server 2008 R2 SP1 for x64-based Systems (KB2968294)","http://support.microsoft.com/kb/2968294","","Security Updates Windows 7"
